K,Precision@K,Recall@K,MRR
1,1.0,0.611111111111111,
5,0.39999999999999997,1.0,
10,0.19999999999999998,1.0,
MRR,,,1.0
