user_id,track_name,predicted_play
1,Rockstar,246.50702035193584
1,Levitating,244.6964890358549
1,Hey Jude,239.77186564019473
1,Perfect,238.3818874569674
1,Memories,236.11908030172387
1,Blinding Lights,232.5533771386702
1,Hotel California,232.5533771386702
1,Stairway to Heaven,232.5533771386702
1,Senorita,230.02977922289097
1,Yesterday,229.27418508445604
