,HR@5,NDCG@5,HR@10,NDCG@10,HR@20,NDCG@20
5,0.21428571428571427,0.14725759368891791,,,,
10,,,0.42857142857142855,0.2119404293151749,,
20,,,,,0.6428571428571429,0.26744052889052927
